Ano,Empresa,Capital,Trabalho,Producao
1958,3312,61909.5999999602,86.6203281720571,217.346752253458
1959,3312,60864.4999995057,93.4745097124621,241.898573811156
1960,3312,61745.6000005722,97.0799734109177,239.253265884542
1961,3312,61357.2000020749,92.3203648318395,226.333909182516
1962,3312,60652.1999990364,93.9029750466285,225.818032648386
1963,3312,60632.700000974,97.5433025328535,253.180859659292
1964,3312,61864.0000006885,107.999616430665,281.808643103515
1965,3312,63426.7999973913,114.140861725034,306.022139431959
1966,3312,65509.2000016176,112.730587507855,305.883336637983
1967,3312,68162.5999989379,103.640764379542,274.15080593089
1968,3312,70181.89999923,107.058933440914,273.652416657625
1969,3312,71631.6000022448,110.36289280537,277.016343239091
1970,3312,72278.6999976212,102.896562161226,249.606782671319
1971,3312,71832.0999973505,95.1576002297341,243.068979846789
1972,3312,71109.5000004993,103.723217114414,251.236780526707
1973,3312,70793.400000174,116.933006250219,294.788819790769
1974,3312,71251.2000004037,123.86234222962,369.033032967147
1975,3312,71869.3999985056,102.690086514287,258.856154289397
1976,3312,72432.9999976089,111.878018145724,270.594537797488
1977,3312,72697.700003102,114.647392946665,264.205976840103
1978,3312,72665.7999980751,122.383026242176,307.111302717381
1979,3312,72478.4999972117,126.663269511929,312.378357179289
1980,3312,72266.8000002698,107.396551581545,253.353172670759
1981,3312,71952.2999965395,107.227033511069,249.989539985768
1982,3312,70592.0999997681,72.3705770127946,137.717873783455
1983,3312,69011.9000015634,59.6208632007106,139.46041733288
1984,3312,67048.1999992028,61.6033418383175,158.145179337003
1985,3312,65309.1000019615,54.5567382101613,134.36015284613
1986,3312,62539.8000029138,48.4227188380295,128.2586658925
1987,3312,60151.4000013575,48.4240000000297,158.04700000056
1988,3312,58462.499998004,51.6223668838899,189.132104328757
1989,3312,57378.0000012854,49.9280667427095,180.140487164862
1990,3312,56276.6999991701,49.0154337849788,163.916733896928
1991,3312,55541.3999999403,44.0176420443292,126.034750571165
1992,3312,54046.4000024987,44.4403602013727,139.945410561746
1993,3312,52156.200000735,43.6301464497719,147.710031129515
1994,3312,51081.0000005744,44.4385562877758,167.192392282055
1958,3331,596.599999999613,2.20853154610704,5.95873284033288
1959,3331,605.599999998038,1.86828484917664,5.88846515084445
1960,3331,619.500000000497,2.58674853537242,8.50830531771275
1961,3331,639.999999997621,2.50318119010836,7.50262870512311
1962,3331,667.899999998938,2.58188842475243,8.41415950311554
1963,3331,707.099999999862,2.62746309381886,9.62953418852069
1964,3331,726.499999999755,2.58225996144211,8.50450867610815
1965,3331,747.599999998948,2.77644342797415,10.3390707676518
1966,3331,799.700000001724,2.91492670210255,11.4979426497161
1967,3331,938.599999999702,1.87688119794049,8.07981971440148
1968,3331,1038.19999999675,2.43389512218211,12.4408917942217
1969,3331,1136.59999999657,3.14037323306553,20.0624023197325
1970,3331,1276.19999999458,3.29143000947912,17.815899337478
1971,3331,1386.10000000096,2.95604169737601,8.32165134762033
1972,3331,1587.30000000286,3.36942589973402,11.8929519095017
1973,3331,1805.7999999939,3.43051502977792,14.5208206844931
1974,3331,2122.60000000483,3.54086028258129,19.0130643641058
1975,3331,2283.29999999668,3.20755106503286,6.92675982262717
1976,3331,2413.40000000121,3.11388651812425,13.6805614988549
1977,3331,2350.99999999984,2.88643293529298,15.5832913634747
1978,3331,2570.90000000516,2.96882143966963,12.4770956332166
1979,3331,2631.49999998991,2.87894688233532,19.4622154375569
1980,3331,2613.40000001295,2.25720133228144,11.1337135594747
1981,3331,2630.699999991,2.65160396039798,11.2593670982373
1982,3331,2455.20000001098,1.97855369406022,5.15594702285198
1983,3331,2524.89999998786,1.7302306128376,7.39966464566613
1984,3331,2636.7000000034,1.47902750945075,1.93185751785014
1985,3331,2728.39999999846,1.17164453416558,3.4444033385212
1986,3331,2667.40000000455,0.918708182572594,2.00735678008224
1987,3331,2518.20000000604,0.729999999999781,4.43399999998173
1988,3331,2417.29999999503,0.793059443281308,6.97892310088137
1989,3331,2269.30000001004,0.830007415856949,7.78958699369697
1990,3331,2150.49999999185,0.992483861646039,8.23035397465326
1991,3331,2058.59999999494,0.988032848136027,8.1517035859485
1992,3331,2031.19999999905,1.17739588947533,8.00612312505759
1993,3331,2083.29999999097,1.23062136799503,8.33638751095926
1994,3331,2331.80000000189,1.5092949662782,12.5163213718678
1958,3332,16.8000000000132,0.487597873816069,1.30145608966979
1959,3332,17.7000000000038,0.343877856491187,1.13444241316182
1960,3332,18.0999999999678,0.40549031095021,1.40173805768104
1961,3332,20.6999999999726,0.397604747047387,0.999198016493085
1962,3332,25.9000000001167,0.371764647685734,1.09482983401042
1963,3332,30.6999999999033,0.377761060985379,0.839843787369604
1964,3332,33.0000000001162,0.408774742930675,1.56198479006079
1965,3332,37.6000000001561,0.411083280757587,1.72915983175864
1966,3332,54.2000000002385,0.45357401349355,2.06170006133478
1967,3332,92.0999999998838,0.409221638239321,1.4861206862378
1968,3332,142.099999999566,0.477928496719537,1.81435818199059
1969,3332,183.600000000663,0.584778542950397,1.69529548749585
1970,3332,190.199999999755,0.643337090252269,2.10085597522267
1971,3332,211.099999999098,0.549015482920112,1.07515532071865
1972,3332,220.600000000132,0.492492063491455,3.13780834512601
1973,3332,226.4999999993,0.517116666666838,3.39357812499861
1974,3332,244.800000000448,0.523081632652835,4.19524175823334
1975,3332,244.100000000265,0.560110125554876,2.39936448248049
1976,3332,251.500000000052,0.607006146935377,2.79296181807119
1977,3332,284.199999999147,0.520419550124621,3.26554651486247
1978,3332,269.600000000498,0.625946634166024,2.25115511876153
1979,3332,309.799999999142,0.617659568359136,7.26937799686468
1980,3332,324.70000000039,0.594215049522281,2.28167700937946
1981,3332,338.3999999993,0.62061462300073,0.093278750951847
1982,3332,348.69999999944,0.509272696399828,1.10986325560312
1983,3332,360.199999999332,0.455086697647601,1.2469826096427
1984,3332,347.00000000109,0.486493630127451,0.880683781324974
1985,3332,352.399999999286,0.502133371785352,0.514765657868244
1986,3332,374.099999998466,0.405797112033298,0.703450323651732
1987,3332,356.600000000342,0.069000000000337,0.346000000001527
1988,3332,333.800000000756,0.072535924690145,0.612203204386743
1989,3332,317.799999999169,0.075455219623538,0.643698231601831
1990,3332,304.000000001149,0.078000086687887,0.541517843210705
1991,3332,289.199999998667,0.071809742902701,0.457678963803979
1992,3332,278.600000001196,0.063346263780711,0.36994218048078
1993,3332,266.199999999731,0.058561740701907,0.3439471249684
1994,3332,254.30000000049,0.055750188797244,0.365204135307664
1958,3333,422.500000001171,1.16880078576422,2.57064467298473
1959,3333,427.800000000725,1.19470966636154,2.85737682815461
1960,3333,427.699999998775,1.20248850833507,3.30684339791323
1961,3333,427.800000000725,1.23430343213793,2.91115823489743
1962,3333,420.199999999622,1.25854270638643,2.60235253379932
1963,3333,438.199999999401,1.22097771497099,3.33239221656034
1964,3333,438.499999999019,1.32602538560512,4.76239192375251
1965,3333,449.700000001501,1.3246016824421,4.13367076762762
1966,3333,472.499999998206,1.3797531179702,4.24393028009087
1967,3333,540.200000000802,1.31997054740318,3.676841035294
1968,3333,585.799999997872,1.45148654559133,3.27469525529727
1969,3333,588.299999999759,1.56878089887656,3.62394010512222
1970,3333,585.099999997548,1.46552723049187,3.30744670050694
1971,3333,571.099999999533,1.20478397640813,2.19352019333302
1972,3333,582.199999999113,1.1020119440506,2.96470469904684
1973,3333,586.699999998936,1.08502157738113,3.44436636904302
1974,3333,615.899999998154,0.976277864991463,4.39430926217408
1975,3333,631.800000001273,0.870205696796485,3.16878911862702
1976,3333,652.699999999235,0.878416750399059,2.80396495066112
1977,3333,705.099999996478,0.849559066925444,1.96966737017376
1978,3333,731.700000000012,0.893060107871844,1.9872598796795
1979,3333,821.599999996427,1.03933100445022,2.54784571947979
1980,3333,800.199999997491,0.726111753878772,0.898801253396315
1981,3333,807.800000000556,0.606933739527994,1.35192003046493
1982,3333,755.600000001999,0.426150026412706,0.709469549467609
1983,3333,757.400000001746,0.327797596573444,1.12307286523353
1984,3333,712.499999998001,0.320347368052727,1.04465819683626
1985,3333,690.500000000451,0.33475558118962,0.814782452330634
1986,3333,650.499999998335,0.288383734439528,0.607665726141336
1987,3333,603.899999997671,0.315999999998491,1.13100000000002
1988,3333,547.499999999641,0.329796670925448,2.00005723012892
1989,3333,512.100000000766,0.347466628636307,2.10343069024172
1990,3333,478.099999999016,0.35682798277912,1.7697950703615
1991,3333,447.600000000998,0.329632675255421,1.49675729183453
1992,3333,420.499999998737,0.290548196541706,1.20949132979087
1993,3333,394.899999998972,0.269713932529595,1.12422045883212
1994,3333,371.299999998873,0.255319705216451,1.19337722975995
1958,3334,4510.50000001491,2.96861058471497,13.7602988213875
1959,3334,4565.00000000425,3.28279273309225,16.2827937614455
1960,3334,4543.99999999551,3.23343566920514,16.5237301711571
1961,3334,4525.99999998424,2.98030688655363,15.7036587921548
1962,3334,4412.19999999266,3.22650785971918,16.0984324502212
1963,3334,4481.50000001158,3.42008674856394,16.8508416131669
1964,3334,4533.20000000547,3.71885314909913,18.2519584405142
1965,3334,4646.39999999804,3.91181629862188,20.7140297582367
1966,3334,4834.89999999884,4.04093212023061,22.9990571458456
1967,3334,5135.60000001577,4.46759262196782,24.9779042047856
1968,3334,5289.00000002126,4.61702529238841,25.8169893505605
1969,3334,5482.19999998558,5.1111893802357,23.8747085900512
1970,3334,5645.20000000084,5.22944962576507,21.7907081647929
1971,3334,5645.39999999563,4.81405242892944,18.2420561154341
1972,3334,5719.89999997976,5.35889878984899,19.8947289014579
1973,3334,5854.19999998853,6.25618824403902,23.6003735862
1974,3334,6251.09999997335,6.30451020408648,28.1744050236544
1975,3334,6314.70000001322,5.71738709475611,23.6350968206166
1976,3334,6288.99999997797,6.43499869969197,26.8824867310017
1977,3334,6433.79999997327,7.34618722579263,34.1357313522494
1978,3334,6376.20000002101,8.01823156310105,31.5950184108726
1979,3334,6318.69999999996,8.80758788340629,33.5273334450822
1980,3334,6287.40000000659,9.04648220702645,37.7251769656017
1981,3334,6418.00000000127,8.2868842345933,29.2012239146177
1982,3334,6517.39999997743,6.14756535357023,13.2750416194735
1983,3334,6564.00000000012,5.95893225385581,17.6492534126839
1984,3334,6536.40000001549,6.31681572868121,18.7050285243965
1985,3334,6445.59999998076,5.18344805593492,9.23314843588245
1986,3334,6107.60000000393,4.17744438173091,10.3395868215422
1987,3334,5670.89999997602,4.20499999997935,19.0009999999925
1988,3334,5268.5000000022,4.88408559583683,35.4323484927637
1989,3334,4912.19999999776,4.99308613803937,27.3082686821113
1990,3334,4613.80000001391,5.03504007860582,19.7743668044789
1991,3334,4367.39999999009,5.0050525625999,14.2719701076462
1992,3334,4155.39999999715,5.13273659994329,13.5966420579275
1993,3334,3931.59999999027,4.43089677539743,9.46390722281772
1994,3334,3699.299999983,4.17237644853877,14.497473008457
1958,3339,118.999999999818,0.383624797781432,1.81056563438999
1959,3339,121.299999999999,0.421870772394655,1.93209723491725
1960,3339,163.800000000169,0.685138801260596,3.14604551600891
1961,3339,199.600000000526,0.639625027858792,2.84892444841132
1962,3339,240.299999999418,0.75717203473598,3.18557964163517
1963,3339,263.100000000987,0.833098054137495,3.50103554733004
1964,3339,275.600000000137,0.751082047986543,3.1139994644487
1965,3339,302.700000000704,0.962456887488345,3.29192881178056
1966,3339,364.599999998336,1.17675495808404,4.10754089143692
1967,3339,467.199999998123,1.17228153510669,4.28605821104124
1968,3339,514.700000000664,1.2272731767602,4.41641333077846
1969,3339,578.299999997587,1.32980889815214,4.67541690829768
1970,3339,649.400000000814,1.27599638647571,4.69022102728215
1971,3339,692.399999998578,1.20478397640813,4.41499950849608
1972,3339,757.599999998584,1.03374571742797,3.69369047617016
1973,3339,780.199999998006,1.13119270833299,4.51784516367374
1974,3339,861.399999999992,1.61583516483369,7.01818838304578
1975,3339,1298.20000000082,1.62024935973616,10.6052685364582
1976,3339,1482.6999999941,1.98973314025745,8.47974750282288
1977,3339,1646.00000000491,1.6388046098303,7.40133101916024
1978,3339,1703.40000000514,1.79416580230148,7.41963992326564
1979,3339,1697.79999999343,1.82476829209988,7.57078398813358
1980,3339,1738.0000000081,1.94989560872991,8.54201130688824
1981,3339,1787.00000000102,1.73871591774686,7.14763975625992
1982,3339,1757.79999999904,1.80645464493183,6.80552226246029
1983,3339,1812.70000000204,1.61195312953842,8.27153866542446
1984,3339,1742.30000000199,1.72227432451403,5.84443910123693
1985,3339,1765.00000000459,1.78115233765401,3.42124414740007
1986,3339,1862.60000000455,1.43573902074648,4.68623568466226
1987,3339,1802.30000000224,1.65100000000002,5.06800000000561
1988,3339,1717.00000000433,1.72442071630585,8.96350600041311
1989,3339,1650.60000000234,1.81558300056745,9.4272447233451
1990,3339,1597.69999999437,1.86303655329709,7.9291122605261
1991,3339,1532.29999999367,1.72343382967354,6.7085873068763
1992,3339,1492.40000000447,1.51946571389239,5.4182170954124
1993,3339,1436.90000000695,1.40878102984981,5.03630970039666
1994,3339,1382.40000000029,1.33558060988077,5.34717028200829
1958,3341,627.699999997812,1.68149560896827,5.2811152068272
1959,3341,630.800000000704,1.98172909049339,5.90973594604701
1960,3341,640.200000002713,2.07289443442783,5.85514026587704
1961,3341,666.200000000281,2.17126766213714,6.25103811008982
1962,3341,678.499999996659,2.20330240738637,6.44278366491732
1963,3341,713.099999996964,2.04058430264475,7.69688161756996
1964,3341,741.199999999107,2.32636032562176,8.82687574983255
1965,3341,802.300000000313,2.21854468980357,7.83342029445366
1966,3341,862.899999996323,2.35985360866531,9.30302504597573
1967,3341,904.699999998466,2.41225386751683,8.34442919478698
1968,3341,978.399999997101,2.57550356565472,9.0511396785985
1969,3341,1053.80000000507,2.65680636099947,10.2476816781407
1970,3341,1134.79999999467,2.37847861997794,8.73710496427535
1971,3341,1152.49999999907,2.22402105349705,7.1575351847093
1972,3341,1190.00000000527,2.63800204306024,10.0180687568212
1973,3341,1210.09999999515,2.60636034226115,12.8286487351505
1974,3341,1257.59999999379,2.95001098900137,21.5861177393631
1975,3341,1318.40000000632,2.50595983509393,11.1537500780514
1976,3341,1466.00000000499,2.70310290206479,11.59913558719
1977,3341,1600.09999999227,2.92434429326352,13.2569125798293
1978,3341,1710.1000000017,3.03962260138396,12.5865156104654
1979,3341,1773.49999999348,3.79355816623457,16.2016856008377
1980,3341,1868.10000000651,3.29061880971431,14.3672224559168
1981,3341,2007.4000000006,3.37669078445101,11.3265277988958
1982,3341,2087.60000000155,2.88470787109369,7.25625786734615
1983,3341,2066.30000000091,2.59196656259135,9.38447346063242
1984,3341,2102.29999999773,2.76041698166229,10.2131084628814
1985,3341,2123.70000000371,2.37802785505973,8.2383559068852
1986,3341,2094.6999999964,2.16287800829805,8.58250592527671
1987,3341,2062.59999999594,1.86099999999979,9.47299999996782
1988,3341,2032.10000000834,2.0493816589184,11.4152202549864
1989,3341,2040.40000000251,2.2971922418679,12.6103371363014
1990,3341,2040.20000000323,2.21179556158955,9.92932138010831
1991,3341,2005.20000000131,1.97952640677334,7.05119764648198
1992,3341,2049.89999999007,2.13181293044248,10.7494386552072
1993,3341,2047.20000000905,2.09832490628789,11.7123481404043
1994,3341,2034.00000000304,2.33262021822512,15.7950788520898
1958,3351,1406.50000000012,5.93005061241236,15.968830367504
1959,3351,1464.90000000626,7.05481375684468,19.6364891454146
1960,3351,1495.70000000706,5.77823693103091,15.8176177331133
1961,3351,1519.20000000292,6.05396445289597,16.3709432806044
1962,3351,1580.7999999943,6.55533626468335,16.2587346378328
1963,3351,1650.1999999996,6.75247896508615,16.1357938906713
1964,3351,1729.59999999145,6.99237446446686,17.4776127892429
1965,3351,1849.60000000359,7.14175636173739,20.1430807571494
1966,3351,1976.89999999626,7.74247669189523,28.4800074625079
1967,3351,2117.70000000098,6.7383111860541,21.6733625544756
1968,3351,2244.89999999007,6.94176390604226,22.1705719311188
1969,3351,2315.30000000659,7.52340086991266,22.497105291665
1970,3351,2492.00000000662,6.54014884281276,18.4325419426177
1971,3351,2528.79999999644,6.32638674529387,17.3778650774361
1972,3351,2498.80000000146,7.03142134215622,19.5119504164882
1973,3351,2534.39999999973,7.63208794643928,23.595756473292
1974,3351,2611.59999999353,6.88900627945685,21.181629513295
1975,3351,2593.19999999782,5.2328627646996,13.4058191642569
1976,3351,2571.00000001057,6.1709235179705,17.9534446480194
1977,3351,2575.30000001019,5.83662588170207,16.7792223826623
1978,3351,2595.39999999188,6.16774665490516,18.8154087231472
1979,3351,2627.10000000975,6.80464856196872,19.952185768197
1980,3351,2640.39999998781,5.5899726970141,15.0688585328014
1981,3351,2627.49999999709,5.52707692310427,15.4755666412615
1982,3351,2610.69999999616,3.78032537167588,11.2121945136014
1983,3351,2606.99999999087,4.02706669327255,13.39576982277
1984,3351,2603.39999999386,4.33391981660957,13.9617156306294
1985,3351,2607.09999998945,3.86442685078995,11.1711516590984
1986,3351,2604.50000001238,3.89421035683578,12.1749433028779
1987,3351,2564.80000001208,4.18200000001488,16.1020000000356
1988,3351,2558.40000000079,4.29606103298999,17.4840592874516
1989,3351,2594.80000000285,4.27579577865794,15.5335282372932
1990,3351,2572.29999999483,4.13041838357029,15.0558098361969
1991,3351,2595.50000000705,3.8768609391223,11.787179967595
1992,3351,2558.59999999249,3.58624314684978,12.2748166870026
1993,3351,2525.50000000478,3.78424318789999,13.300113645425
1994,3351,2550.40000001047,4.21277513608603,19.0843399910942
1958,3353,2470.19999999033,4.20911694015179,11.3258947307374
1959,3353,2572.90000000385,4.99863688297208,12.8262895338433
1960,3353,2637.4999999886,4.60371327171841,11.0356285488929
1961,3353,2724.40000000773,4.74705493649831,11.4786761756256
1962,3353,2795.20000000058,5.07168835878509,12.2580013191626
1963,3353,2838.30000000424,5.52475551690055,14.3043273181553
1964,3353,2892.89999998713,5.71952302913501,12.8282155098896
1965,3353,3048.60000000689,6.21192513146144,13.6505749737106
1966,3353,3286.80000000975,6.98123359229895,16.071744939663
1967,3353,3449.30000000695,6.42139518052144,16.9842364141537
1968,3353,3603.4999999838,6.62904526005469,17.5004434724283
1969,3353,3723.59999999131,7.03139969195104,17.9875630663814
1970,3353,3961.2000000113,6.26519564654979,15.6696627376251
1971,3353,4055.49999999838,6.37976325058883,15.4969787007023
1972,3353,4116.69999999496,6.86319385505984,16.8788245324523
1973,3353,4138.50000001883,7.61361949406915,21.4903529016972
1974,3353,4196.000000016,7.63445054943143,29.8516546311006
1975,3353,4209.09999999648,6.2154781060664,18.9042012618532
1976,3353,4246.20000000087,7.59032761979998,21.5698075537269
1977,3353,4302.80000000925,8.27329225212957,23.1018029436338
1978,3353,4411.40000000667,9.12852250806588,29.8169437817699
1979,3353,4603.0000000127,9.44306455473174,27.7902263003268
1980,3353,4837.40000000122,8.95537829779239,23.822992374469
1981,3353,5117.90000001806,8.92615460780771,23.5522627570817
1982,3353,5251.60000000024,7.50562587731146,13.5361170477347
1983,3353,5251.60000000024,7.86038360439017,16.9407149651802
1984,3353,5353.79999997773,7.55694011616174,18.6876537520218
1985,3353,5495.99999998799,7.2530375924597,18.9242172423536
1986,3353,5558.4999999796,6.90061078837574,23.0717286971964
1987,3353,5713.29999999472,6.5899999999709,17.9000000000589
1988,3353,5923.59999998016,6.66266646922621,18.9531535488412
1989,3353,6128.90000001668,6.52454763261127,17.3705367940467
1990,3353,6427.80000002206,6.45428303521203,22.4900249949226
1991,3353,6583.10000003249,6.06576033127334,22.319852378394
1992,3353,6566.19999998152,6.05928128486231,27.2743673334611
1993,3353,6384.6999999909,5.9172102506943,22.1998486056574
1994,3353,6236.10000000278,5.61299364597499,21.8282188485381
1958,3354,1522.90000000359,2.5993269008561,6.99487832214183
1959,3354,1586.60000000333,3.08781044331023,7.92337122942792
1960,3354,1626.59999999565,2.8454233889002,6.81643195132891
1961,3354,1680.1000000078,2.93190283039675,7.09119422776046
1962,3354,1723.89999999839,3.13100868417159,7.5717203473746
1963,3354,1750.60000000291,3.41334101534474,8.83691053372933
1964,3354,1784.39999999267,3.53274432304941,7.92291859465858
1965,3354,1880.29999999731,3.83677728708963,8.43046982125914
1966,3354,2027.29999999159,4.31053905133336,9.92787875690376
1967,3354,2127.79999999518,3.96606535106646,10.4920735819694
1968,3354,2223.10000000457,4.09484415707291,10.8094445184122
1969,3354,2297.39999999701,4.34366754259034,11.1107923161082
1970,3354,2444.0999999885,3.87070033555832,9.67675083885559
1971,3354,2502.50000000156,3.93969443762461,9.57218661421795
1972,3354,2540.400000003,4.24469644821532,10.425228037121
1973,3354,2503.09999999689,4.79487194938683,12.5308449404463
1974,3354,2554.49999999782,4.39219152275009,15.2943139717294
1975,3354,2516.60000000537,3.0525032794163,9.00246205264391
1976,3354,2452.60000000509,3.76673905075446,10.3851232933412
1977,3354,2409.99999998867,4.55108619828315,11.6939306859677
1978,3354,2412.20000000207,4.88367104032877,13.3701557410332
1979,3354,2419.99999999823,4.96206316696172,14.6842623342854
1980,3354,2407.5999999913,4.5483966605276,12.9421941449796
1981,3354,2401.10000000785,4.34057121095855,11.7021302360736
1982,3354,2370.6000000109,4.02852263981017,10.060184552075
1983,3354,2371.19999999581,4.27939199097896,10.3137965437236
1984,3354,2380.599999991,4.7313677376578,12.9670099047592
1985,3354,2410.99999999718,4.74026535249923,12.3564811698466
1986,3354,2408.30000000894,4.6460679502065,11.3592293112265
1987,3354,2406.40000001078,5.04700000000946,14.0470000000172
1988,3354,2375.00000000299,4.8908556154718,14.6638625353606
1989,3354,2359.29999999371,4.99308613803937,14.1073314317429
1990,3354,2353.99999999948,4.7633846042541,13.1515318577123
1991,3354,2329.19999999309,4.39337198145346,12.3036910099193
1992,3354,2332.10000000549,3.85483130528559,11.6050355246258
1993,3354,2296.00000000125,4.1595332163531,13.7248924688125
1994,3354,2294.70000000934,4.67089625268383,16.5731575739924
1958,3355,188.299999999415,0.347772012940837,0.935757684308273
1959,3355,197.900000000293,0.414780507312298,1.05999462979838
1960,3355,203.699999999438,0.381021068048127,0.912353199638129
1961,3355,211.099999999098,0.394147314464269,0.950793960330782
1962,3355,217.099999999078,0.419514235461769,1.01638408266389
1963,3355,221.099999999248,0.458709859767979,1.18387618219552
1964,3355,226.199999999543,0.471918808911911,1.06347900599887
1965,3355,238.899999999579,0.515485383807396,1.12884773922407
1966,3355,258.699999999487,0.577276017173674,1.32900357799828
1967,3355,272.499999999101,0.532295815153389,1.40612247124415
1968,3355,285.600000001305,0.548732718455317,1.4485363696868
1969,3355,296.300000000142,0.581967107647721,1.49006071040268
1970,3355,315.900000000619,0.51787301041071,1.29735197453383
1971,3355,324.299999998939,0.528681576145212,1.2835778651602
1972,3355,329.700000000763,0.855765912304749,1.39701956624126
1973,3355,335.700000001346,0.981136532738248,2.62252023809596
1974,3355,348.199999998576,0.965689167974166,2.90342072214729
1975,3355,366.799999999153,0.701591229933552,2.75403629207531
1976,3355,381.100000000071,0.867413617826195,2.98368278268526
1977,3355,394.000000000814,0.97363260205466,3.83938661483318
1978,3355,406.099999999085,1.11190006223408,3.85061772638149
1979,3355,433.099999999748,1.15811169067295,5.69850342153057
1980,3355,466.500000001214,1.09188715049521,7.42292895959173
1981,3355,474.299999998323,1.03352856054869,6.10167402891715
1982,3355,476.300000001517,0.51746788921545,0.359417742058143
1983,3355,457.1999999997,0.458466054313097,1.56914794510568
1984,3355,448.500000000515,0.423510079798574,1.81023411031834
1985,3355,443.299999999553,0.400022392617225,1.77694157562693
1986,3355,432.799999999017,0.364599435686256,1.26373872199205
1987,3355,413.599999998255,0.170000000000319,1.093
1988,3355,396.499999998056,0.16441476263199,1.57354599295003
1989,3355,384.299999999693,0.145321163719828,0.469499144323329
1990,3355,365.199999999703,0.13089669719987,0.489517785418905
1991,3355,347.900000000732,0.187743544698576,0.77952504042981
1992,3355,341.099999998431,0.257608139374606,1.08533265278029
1993,3355,328.599999998959,0.245794348299596,1.57869255921048
1994,3355,314.799999998977,0.189873831411491,1.44384909247185
1958,3313,1073.30000000271,1.75678645713033,6.41406320777381
1959,3313,1056.59999999977,1.98527422303434,6.54431467095982
1960,3313,1081.70000000406,1.83519321766211,5.07911570525961
1961,3313,1061.7000000005,1.69414196568115,5.07896846443906
1962,3313,1031.79999999943,1.75650269319478,5.48779190939276
1963,3313,1044.79999999774,1.71341624089902,4.90752092617191
1964,3313,1058.19999999997,1.96078941731102,5.01164481578558
1965,3313,1070.29999999965,1.93470147213835,7.07324248163461
1966,3313,1097.80000000462,1.77623389899521,6.27391187897313
1967,3313,1132.30000000001,1.80303669179083,5.94448274494592
1968,3313,1171.10000000223,1.87336170010378,5.82659741371135
1969,3313,1202.09999999975,1.92021031170833,6.51128416092476
1970,3313,1208.70000000555,1.92734182224921,5.31220252946957
1971,3313,1216.3999999961,1.8020924879184,6.19675808964435
1972,3313,1248.00000000078,1.74810301744346,5.29550872226979
1973,3313,1265.09999999921,1.78451421130943,4.85489441964127
1974,3313,1324.8999999946,1.8085494505476,9.03004081633433
1975,3313,1401.8999999937,1.63575413829781,7.38415079019957
1976,3313,1460.60000000583,1.61746048820891,5.31634688812657
1977,3313,1525.60000000578,1.79045004165506,4.73202677034295
1978,3313,1537.49999999897,1.74428316564491,3.99543828441589
1979,3313,1541.399999994,2.01184787289947,6.36664478157746
1980,3313,1501.99999999387,1.74593163292075,5.60221053553077
1981,3313,1469.40000000562,1.54718354912467,4.67513099771651
1982,3313,1511.40000000511,1.00098426533794,2.11084752094075
1983,3313,1451.99999999312,0.797528173104748,2.16842052715591
1984,3313,1377.39999999918,0.974073183536523,3.59983567828691
1985,3313,1323.89999999522,0.848468548551105,3.30439550110802
1986,3313,1257.4999999951,0.686971253111734,2.13300969294521
1987,3313,1209.4999999999,0.747000000000239,2.95600000001196
1988,3313,1178.40000000186,1.00583148903968,4.91696854836355
1989,3313,1147.30000000563,1.06103080433375,4.84124415285398
1990,3313,1112.49999999956,0.966483832750205,3.86593533099699
1991,3313,1069.19999999491,0.921414170985027,3.23489914115358
1992,3313,1035.50000000452,0.948504723013414,3.49840299439878
1993,3313,990.399999999671,0.913893080253937,3.15078661241462
1994,3313,949.100000003373,0.919474128278334,3.23916676647792
1958,3356,466.799999998879,2.05794984978147,6.25989623295908
1959,3356,487.500000001023,2.41778039305188,7.68939248171938
1960,3356,514.600000001213,2.36652534925273,6.47386255070882
1961,3356,548.699999997295,2.58270213951762,7.70661722758702
1962,3356,613.599999998131,2.80017225457505,7.38754336591791
1963,3356,670.599999998573,2.49929416241221,8.45240373959079
1964,3356,716.199999996897,2.52908601114205,8.39151403172338
1965,3356,835.999999996069,2.74381777077233,9.5038539432674
1966,3356,951.500000003612,3.29554825187576,12.0561875893932
1967,3356,1071.7999999992,3.08916184054369,10.8212970051465
1968,3356,1201.40000000473,2.90592326710059,10.3993700674982
1969,3356,1298.8000000017,3.18816763321545,10.427613537543
1970,3356,1385.79999999545,2.94974060052483,9.80755381574817
1971,3356,1422.40000000051,2.77557827476088,9.31292930286842
1972,3356,1444.30000000416,2.78184873486206,9.12085549269051
1973,3356,1433.09999999423,3.13271123511122,11.3881094493892
1974,3356,1475.49999999558,3.261318681315,13.4434097331273
1975,3356,1583.90000000258,2.6997695671199,11.3301169342487
1976,3356,1637.50000000097,2.65175495005699,11.2488692003054
1977,3356,1687.79999999347,2.73478750347618,9.80525576226698
1978,3356,1686.9000000063,3.04605907063654,12.1649268747566
1979,3356,1725.30000000376,3.3228896970972,15.4385196918475
1980,3356,1712.70000000287,3.49186326584867,18.8693872819805
1981,3356,1727.49999999685,3.20878903274559,16.8026123381606
1982,3356,1798.10000000433,3.08724620782265,11.6289786054401
1983,3356,1843.79999999171,2.93102868138586,11.8254954255169
1984,3356,1873.59999999353,2.92656324372634,10.9580518339147
1985,3356,1885.79999999703,3.00122063512335,11.4364296668246
1986,3356,1877.09999999544,3.07643648133419,11.7186790373162
1987,3356,1876.00000000718,3.08500000000817,11.8790000000309
1988,3356,1877.89999999219,3.20125214300839,13.3301686667486
1989,3356,1871.09999999965,3.37778551054695,14.3635065602049
1990,3356,1866.10000000107,3.34503820035163,13.4707046262859
1991,3356,1835.10000000619,3.03331275443657,10.2791753666757
1992,3356,1808.39999999919,2.80581717706889,10.0830359602661
1993,3356,1784.09999999883,2.92478778211898,11.0574464204569
1994,3356,1731.00000000656,2.72691140856254,11.7107715424009
1958,3357,1117.00000000089,6.8478819043175,19.0055612433985
1959,3357,1164.70000000162,7.65748628883894,22.3307898764894
1960,3357,1262.39999999797,7.61343014867612,21.6657667868414
1961,3357,1372.30000000606,7.27098072207483,16.6959419433523
1962,3357,1491.70000000017,7.86844992857573,22.1455766736022
1963,3357,1584.19999999972,8.12523567777089,22.8511713230724
1964,3357,1667.6000000056,8.245285668379,25.3772677805322
1965,3357,1824.29999999239,9.68655762356294,32.2830878022488
1966,3357,2087.29999999612,11.0602278674994,42.5408018809385
1967,3357,2600.10000000414,10.8520655493525,40.9252406782919
1968,3357,3048.39999999401,10.0246977275227,33.6349555006698
1969,3357,3258.29999998664,10.4444821493352,33.8862297029286
1970,3357,3428.39999998379,10.0024235566935,36.304499699047
1971,3357,3654.99999998583,9.49339272546747,32.0386118621428
1972,3357,3873.30000000472,11.0249955995605,35.303391481944
1973,3357,4027.59999999412,11.916768898855,40.7921941963727
1974,3357,4248.19999998817,11.7132166405242,50.5631459967594
1975,3357,4407.20000000658,8.7291903304723,33.5581551001488
1976,3357,4487.59999999637,9.51037425375393,34.1537235062152
1977,3357,4504.90000000991,10.3980515412302,36.4914052763585
1978,3357,4573.99999998753,10.8760239082996,38.9663848147754
1979,3357,4685.29999998139,10.9619725797541,41.9102803751925
1980,3357,4711.69999999067,10.4551933999408,39.5839686649191
1981,3357,4790.79999998395,10.0877859863325,37.0329078447208
1982,3357,4867.59999998713,9.80496283295987,33.1448719719389
1983,3357,4918.70000000097,9.57934969505072,31.1182426300839
1984,3357,4951.40000001394,10.6561651617351,37.5914062367744
1985,3357,4992.89999999605,9.83318202479209,36.0757036710244
1986,3357,5038.30000000435,9.2550579916835,34.0890172945819
1987,3357,5020.60000002033,10.1010000000298,42.2950000001701
1988,3357,4994.60000002001,10.3049370343503,45.3078728528605
1989,3357,4990.70000000854,10.0681483171995,45.069123217084
1990,3357,4992.99999999696,9.30173447567049,41.427011558494
1991,3357,4963.99999997767,8.88796974505659,37.31597615849
1992,3357,5000.20000001871,9.46224257520915,41.1134144276035
1993,3357,5004.19999998158,9.66268721590559,44.8096293960339
1994,3357,5140.00000000406,10.3743829588257,48.6303241061367
1958,3361,1023.39999999899,4.27365195287454,8.09197353826865
1959,3361,1053.90000000011,5.36378553472761,10.3482418875983
1960,3361,1105.59999999623,5.28535646686766,10.021902771462
1961,3361,1120.4999999989,5.11354279028488,9.79836394027713
1962,3361,1136.59999999657,6.10171518082015,12.394428712777
1963,3361,1152.59999999704,5.87553364496106,11.5992882922071
1964,3361,1196.10000000548,6.25126253213738,12.6853105183776
1965,3361,1265.19999999811,6.72741051523205,14.2313116719683
1966,3361,1362.20000000379,7.34282406456587,15.8402001634836
1967,3361,1423.40000000687,7.49521737408231,15.8950299483895
1968,3361,1483.39999999635,7.83271702956507,17.0726679661743
1969,3361,1603.60000000264,8.27124266039268,17.9060314425703
1970,3361,1673.39999999749,7.22085821215367,15.5495375549265
1971,3361,1685.49999999306,6.63139534692083,15.0420075367326
1972,3361,1727.00000000574,7.84817798207734,17.5127252082906
1973,3361,1735.70000000549,8.94103950890729,19.6989130207504
1974,3361,1867.50000000565,8.94533124019238,20.0507566719531
1975,3361,2029.90000000259,7.41516034732783,16.6908941220409
1976,3361,2119.4999999943,8.64662834679849,19.7652938117026
1977,3361,2189.80000000148,9.15042321579374,21.759396223261
1978,3361,2314.89999999291,9.9379085156639,22.9395763924667
1979,3361,2517.40000000653,10.5596030052328,24.7227150787247
1980,3361,2587.00000001027,9.42449544222832,22.5869706810519
1981,3361,2658.10000000564,9.28807616148882,22.0809459252779
1982,3361,2678.49999999728,8.06172824693559,18.8793827634677
1983,3361,2680.50000000645,8.15889344320397,20.3944174775691
1984,3361,2694.30000001344,9.90687809748382,24.1791677866791
1985,3361,2755.49999999093,9.7100172355252,22.3223021985423
1986,3361,2795.09999998745,9.28904607471183,21.7328042158139
1987,3361,2803.89999999876,9.38300000001959,23.0370000000803
1988,3361,2845.69999999899,9.39968869420696,24.2473089055857
1989,3361,2904.09999998979,9.12542384484516,23.5178083285819
1990,3361,2901.10000000171,8.54683708501577,20.6861609212479
1991,3361,2883.40000000633,7.75458705593803,19.5296545367177
1992,3361,2898.19999999471,8.01541391040465,22.7125917243373
1993,3361,2940.20000000039,8.55496302199791,23.5855348644253
1994,3361,3104.90000000066,9.59388031559776,28.919804458354
1958,3362,442.299999998106,1.89302703952081,3.93305049689906
1959,3362,454.900000001839,2.19443704296029,4.6689395566901
1960,3362,458.699999998566,2.17776261829275,4.80296282106859
1961,3362,446.700000000861,2.24041631379739,5.17231914417746
1962,3362,445.999999999972,2.42158623721848,5.29338287349663
1963,3362,446.999999998405,2.19573616697867,4.86030079357845
1964,3362,458.500000001596,2.3230369537294,5.26089770780099
1965,3362,479.800000002114,2.43061146162204,5.77474132490262
1966,3362,483.499999998381,2.67386638723834,6.87973451235356
1967,3362,493.699999997622,2.74455414518881,6.97830583105711
1968,3362,511.599999997602,2.46634705714448,6.2484725682473
1969,3362,534.500000002619,2.51623459586946,6.23857493657006
1970,3362,538.19999999849,2.69347354383639,6.60421560696308
1971,3362,562.600000002387,2.48836184156761,5.62232522324835
1972,3362,564.600000000345,2.34787057991242,5.77581038817696
1973,3362,577.999999998626,2.39859025297654,6.14768608629993
1974,3362,618.5999999994,2.22997959183577,5.96143642073855
1975,3362,610.799999997265,1.87026391404898,5.09331975763034
1976,3362,597.50000000259,1.89804036881718,5.24849423723563
1977,3362,613.399999999907,1.83870086087098,4.87677922799673
1978,3362,624.300000001437,1.87462166787632,4.81447899593162
1979,3362,633.800000002015,2.21080552232228,6.02515030865415
1980,3362,667.000000002919,1.98117008502127,5.99246160925321
1981,3362,670.400000001426,1.80463290175222,5.15769306929706
1982,3362,659.300000000492,1.62147743566422,4.47106305186435
1983,3362,647.800000001795,1.58153891954665,4.49116500872337
1984,3362,649.700000002284,1.7244461710766,4.83561637266477
1985,3362,652.89999999831,1.71167476419841,4.47709272581374
1986,3362,636.900000001707,1.67365560166034,4.35871415767658
1987,3362,620.100000002585,1.32199999999935,3.70900000000944
1988,3362,594.499999999502,1.34529961659042,3.84827259122545
1989,3362,590.800000001639,1.4420330861355,3.84914774673291
1990,3362,586.099999998603,1.26862209957408,3.45710729042219
1991,3362,574.000000000249,1.17923710333588,3.39755253471482
1992,3362,562.500000000801,1.23314060160268,3.73911879677834
1993,3362,547.400000001873,1.22154842225233,3.86507488633965
1994,3362,521.400000000312,1.16913801723931,3.53730908047794
1958,3369,428.600000000224,2.37703963485141,4.85088178876468
1959,3369,441.099999999606,2.64821400822451,5.37442093232971
1960,3369,452.600000000255,2.41196822892812,5.25040040555469
1961,3369,450.800000001974,2.10557644306038,4.41859884111276
1962,3369,450.999999998792,2.36701527976135,5.10920589205298
1963,3369,453.399999998446,2.64432742689682,5.68328024788671
1964,3369,469.299999999825,2.6985779777232,6.19808858185674
1965,3369,504.800000001513,2.85800757097299,6.36526572030433
1966,3369,517.099999998875,3.7078882641678,8.70671795134706
1967,3369,554.499999999766,4.03683300277267,9.97208518446552
1968,3369,586.899999997483,3.89423219547293,10.3138149662434
1969,3369,624.900000003102,3.96693521203174,10.0199554186471
1970,3369,664.599999999672,3.24071048782423,7.3650084315703
1971,3369,648.299999999384,2.67645047923605,5.97308511507894
1972,3369,646.499999998764,3.17925569700263,7.65556969979398
1973,3369,655.999999997318,3.29661875000937,8.28540944944424
1974,3369,692.299999997245,2.91612715854958,7.81869387758075
1975,3369,675.799999999872,2.2850167405856,6.03135886067131
1976,3369,655.70000000028,2.50137880489546,6.86228701459892
1977,3369,679.100000000173,2.49697989447257,7.13250502637781
1978,3369,698.700000001114,2.67918032361524,7.59664282753236
1979,3369,717.499999997291,2.78095281619716,8.06669335314359
1980,3369,735.70000000131,2.57130585502696,6.96333013409766
1981,3369,739.000000001329,2.4463907083026,6.85163518660758
1982,3369,743.200000000276,2.11670123009519,5.60199966041844
1983,3369,736.299999996561,2.17067343160084,6.38698409818166
1984,3369,751.600000000518,2.20551018479566,6.91841722668042
1985,3369,759.000000003317,2.21907158851911,6.85512058082393
1986,3369,756.399999996746,2.38946522821537,6.78319741080112
1987,3369,753.900000001767,2.3220000000007,7.1990000000204
1988,3369,750.999999996895,2.33952535768049,7.36287992888172
1989,3369,755.800000003485,2.50679007415357,7.80728636618248
1990,3369,753.700000000434,2.52020969745981,7.66731886614493
1991,3369,747.599999998948,2.31694568065417,6.95343257483433
1992,3369,747.099999998689,2.10056210697657,6.43598040015637
1993,3369,747.399999998966,2.09090158704338,6.62160076559573
1994,3369,759.400000001745,2.47239967709227,7.12390455978857
1958,3398,691.400000001712,0.821028772822491,2.12248486249145
1959,3398,677.60000000146,0.872102605118508,2.31497154935913
1960,3398,663.600000002462,0.901866381251102,2.38400337989669
1961,3398,653.100000000907,0.940421662581694,2.63110619568028
1962,3398,645.699999998437,1.06754435528115,3.19922238100815
1963,3398,646.999999999418,1.44021404500743,4.23632046963424
1964,3398,652.600000000509,1.53539781491138,4.76239192375251
1965,3398,662.900000001759,1.68674647739431,5.12549074657766
1966,3398,687.499999999501,1.82381159271801,5.45874739318748
1967,3398,726.499999999755,2.50148264577857,7.43983399443403
1968,3398,744.799999997872,2.47224740895489,7.90647142721591
1969,3398,796.89999999705,2.54716038419826,7.58806388187466
1970,3398,876.399999998851,2.2636923341651,6.54548773984478
1971,3398,953.099999996588,2.27485582043357,6.61106144013335
1972,3398,985.999999997402,2.59899277070351,7.57267499606601
1973,3398,998.600000003486,2.69177693452363,7.92296607146438
1974,3398,1002.6000000006,2.56881789638803,8.28671428568223
1975,3398,997.899999999733,2.35478824411428,7.27561734022335
1976,3398,999.800000000529,2.27398073172161,7.33358785978212
1977,3398,1006.89999999842,2.54867720077605,8.04410086088614
1978,3398,1038.59999999977,2.90445674723287,9.93147204643351
1979,3398,1082.99999999893,2.83737364213556,9.49057682920252
1980,3398,1076.7999999995,2.77934911034578,11.0018168551552
1981,3398,1094.69999999944,2.61926732673411,10.8476968773991
1982,3398,1086.79999999762,2.5358268055238,8.01372783183982
1983,3398,1065.20000000024,2.37118192709872,7.79167001890231
1984,3398,1088.49999999499,2.74629997900078,9.9731194176191
1985,3398,1113.70000000105,2.72962648435848,10.2237302028821
1986,3398,1156.99999999575,2.81586117843532,10.0264844813467
1987,3398,1197.69999999585,2.64199999999965,10.1540000000487
1988,3398,1203.49999999624,2.91884560952711,10.979037561171
1989,3398,1237.49999999648,3.22594352538662,11.2316491727971
1990,3398,1267.79999999992,3.18186560522736,11.4220816597944
1991,3398,1275.10000000064,3.07138056995674,10.3336815570646
1992,3398,1284.10000000356,2.72557857628323,10.0855698107691
1993,3398,1297.10000000437,2.93551035434253,10.604623946616
1994,3398,1345.90000000044,2.95395203251273,12.6480210932495
1958,3399,346.19999999927,0.437403975040796,1.12936272244097
1959,3399,339.399999999957,0.460867230347078,1.23016099177224
1960,3399,332.899999999674,0.478898039656829,1.26540941865572
1961,3399,327.899999999802,0.497870291955113,1.39680276354052
1962,3399,324.499999998655,0.56958436847286,1.70193173573667
1963,3399,325.899999998854,0.765640721818344,2.24970203283363
1964,3399,329.600000001544,0.814226113968168,2.53240938303589
1965,3399,335.799999998845,0.893943007362101,2.72424237645623
1966,3399,349.400000000015,0.967413105702829,2.9022393171102
1967,3399,370.39999999925,1.32920111067294,3.95068107894932
1968,3399,380.899999998264,1.31282827802477,4.2010504896974
1969,3399,408.499999999976,1.35230038057355,4.03159822400566
1970,3399,450.999999998792,1.20125182827222,3.47562195646711
1971,3399,492.200000001498,1.20986745310142,3.51014065702023
1972,3399,510.900000001659,1.23610631777313,4.02283121170605
1973,3399,553.09999999965,1.67601205357239,5.14346398807054
1974,3399,600.10000000272,1.57136263736132,5.24140502356756
1975,3399,648.500000002271,1.33341095633837,4.27156649384944
1976,3399,683.800000003282,1.58445109048994,5.53090797326335
1977,3399,716.199999996897,1.39927375728898,5.10941710634086
1978,3399,733.700000000037,1.62359936728547,5.91672435430995
1979,3399,775.999999997502,1.45060913049654,6.42158084892151
1980,3399,779.500000001691,1.43862590937023,5.67019852747093
1981,3399,800.400000000338,1.52355293221727,5.67259177457777
1982,3399,807.099999999736,1.18713221643612,3.67027563958462
1983,3399,811.900000001298,1.35962783183279,4.81670970083581
1984,3399,835.999999996069,1.49748820523559,7.19315581691962
1985,3399,853.299999997834,1.51587432991849,6.4529928072082
1986,3399,864.700000003126,1.90024282157593,7.63804919503982
1987,3399,891.799999996989,1.80899999999971,7.28199999997639
1988,3399,957.999999999175,1.78921947569551,8.11918783702149
1989,3399,1003.10000000056,1.69727666856478,7.50546548770311
1990,3399,1027.00000000148,1.66938116565916,7.90131912617076
1991,3399,1053.10000000363,1.4119698845511,6.17996377776903
1992,3399,1081.00000000086,1.59632584727969,7.35999123446024
1993,3399,1098.09999999597,1.64137836615987,7.88851391654606
1994,3399,1133.600000004,1.89308249785321,10.2523789224416
1958,3315,761.199999998482,2.81085833140647,7.03431638551992
1959,3315,749.20000000005,3.19416441955695,8.30979067641757
1960,3315,771.200000002826,3.03768172600976,7.63789939160277
1961,3315,758.900000000101,3.01833864497907,7.65129830621881
1962,3315,758.900000000101,3.09008046607015,7.66380883809354
1963,3315,779.700000003466,3.27505348407784,8.5333525383264
1964,3315,803.599999999374,3.46627688517861,9.42175931876391
1965,3315,831.800000000989,3.87266551000885,10.8415058885392
1966,3315,867.700000000482,4.1234001226533,11.1934454099284
1967,3315,907.199999996836,4.24605910353795,11.8643506545331
1968,3315,1039.69999999592,4.37216069220923,13.5236063516304
1969,3315,1118.89999999589,4.52078796667039,14.0937251721484
1970,3315,1156.69999999843,4.55140970490148,11.8443430267576
1971,3315,1184.40000000304,4.31587171296772,11.9817545670392
1972,3315,1208.19999999439,4.92735871441502,14.2261940122201
1973,3315,1227.19999999633,5.64211220238595,16.6677782737345
1974,3315,1291.8000000021,5.63318681319132,19.5573233909575
1975,3315,1343.19999999553,4.66693834720125,14.1810580923131
1976,3315,1386.7999999988,5.20814941780792,16.2516268101698
1977,3315,1412.80000000043,5.25416956400975,15.9296633158083
1978,3315,1472.19999999322,5.61742853435362,17.1757181826867
1979,3315,1521.99999999752,5.70741197298278,18.0739661673153
1980,3315,1572.90000000535,5.18884354458756,15.9798976246476
1981,3315,1597.69999999437,5.21241660319564,15.7765460777018
1982,3315,1590.10000000262,3.47359101199559,10.9850705984428
1983,3315,1566.29999999277,3.57535935229915,11.057255010197
1984,3315,1552.19999999994,3.72037316252198,12.2817923141528
1985,3315,1571.79999999674,3.42650759990408,10.5111147112554
1986,3315,1535.89999999757,3.45339521992378,10.3787246140849
1987,3315,1519.99999999951,4.07499999998848,14.2289999999494
1988,3315,1525.99999999328,4.49529303948444,16.4095604562912
1989,3315,1631.29999999632,4.4816674272382,15.3807547062344
1990,3315,1723.10000000163,4.41552214870374,15.4511895858867
1991,3315,1718.50000000019,4.06633483910298,13.8212125647186
1992,3315,1721.89999999632,4.11581791205692,14.5873776234569
1993,3315,1716.80000000612,4.32779511921575,16.8484602439173
1994,3315,1753.30000000687,4.24509408610489,19.1303944948516
1958,3316,1743.59999999261,1.69225144441962,5.07316905478618
1959,3316,1709.2999999962,2.07744766910209,6.77829341861766
1960,3316,1702.60000000007,2.17426701216446,6.06487663359908
1961,3316,1620.79999999284,2.01914062848417,5.46620091376006
1962,3316,1571.69999999641,2.24423062547863,6.62354996149944
1963,3316,1556.10000000706,2.41159963039794,7.55522121972275
1964,3316,1558.20000000505,2.63543391174155,7.40447257929601
1965,3316,1528.60000000186,3.02439842270934,9.32115026291748
1966,3316,1538.9000000003,3.14329963195996,9.72488059704191
1967,3316,1553.70000000318,3.34761761204918,8.27981525193498
1968,3316,1867.60000000601,3.52546020728221,9.52611799940077
1969,3316,1883.00000000536,3.63799728162946,9.88781795939001
1970,3316,1877.50000000321,3.01113791620345,9.99441521123369
1971,3316,1880.29999999731,2.76286958303669,6.95927959365235
1972,3316,1852.2000000071,3.95700306460554,12.3025492691753
1973,3316,1833.19999999089,4.28929806547014,13.7820825892268
1974,3316,1848.19999999272,4.4578414442703,6.17956357930143
1975,3316,1904.6999999914,2.84318876881852,7.95782759701209
1976,3316,1908.500000009,3.37612784443846,11.4982735385914
1977,3316,1890.3999999949,4.1151055817652,13.7790553734787
1978,3316,1879.69999999521,4.41541790272389,16.0783001763969
1979,3316,1877.89999999219,4.46615380196149,16.2892863568581
1980,3316,1863.10000000688,3.80596778857309,10.3232966956096
1981,3316,1859.60000000664,3.85054683931799,10.447220106658
1982,3316,1826.50000000852,2.87534193646562,7.29723383141597
1983,3316,1773.49999999348,3.07408811354916,11.2239699390237
1984,3316,1712.99999999294,3.10031096878057,14.6176132926757
1985,3316,1687.59999999969,2.75699643754018,10.8500810545066
1986,3316,1620.60000000547,2.79217251452149,11.4169060580659
1987,3316,1817.50000000423,3.69799999998176,16.1730000000381
1988,3316,1868.60000000214,3.81442249305353,19.8400261212277
1989,3316,1868.7999999927,3.52031203648567,16.7557164859391
1990,3316,1892.59999999218,3.394348599988,14.5313264946248
1991,3316,1863.50000000128,3.13799924709711,13.8359205844254
1992,3316,1849.90000000491,3.23572715393702,14.5704852864513
1993,3316,1866.89999999387,3.53020070712017,16.6373080520864
1994,3316,1918.10000000452,3.51226189422096,17.281750553426
1958,3317,948.09999999629,3.72151906634344,10.185776172826
1959,3317,933.700000000112,4.15135020566427,12.9893656307516
1960,3317,976.800000003423,4.00946022982662,11.2628429472825
1961,3317,983.199999998206,3.88615422330217,10.0369267884653
1962,3317,1018.30000000242,3.96321578540568,10.610640540834
1963,3317,1066.99999999813,3.83494934232692,9.95670225026476
1964,3317,1115.40000000507,4.03457347901479,9.74412639250881
1965,3317,1171.69999999518,4.21849747635255,12.3912246057084
1966,3317,1213.89999999544,4.58014598242476,13.2107396237141
1967,3317,1258.10000000367,4.78143177313197,12.6797170766105
1968,3317,1316.99999999568,4.73503232861624,12.3641872206926
1969,3317,1372.2000000044,4.90033173252348,12.0357545305965
1970,3317,1401.99999999364,3.96413103330453,11.2223615245869
1971,3317,1411.40000000462,3.69822929466492,10.8354305726203
1972,3317,1391.60000000308,4.43242857143099,12.3391204620942
1973,3317,1397.99999999475,5.12268697916553,14.6870367560006
1974,3317,1443.80000000713,5.36846938776187,21.0355054945305
1975,3317,1476.09999999564,4.79679086763952,17.5145854831897
1976,3317,1497.19999999959,4.16101796798243,13.1175678822054
1977,3317,1524.50000000258,5.69704315466352,17.0239229659064
1978,3317,1640.19999999621,6.18866517996574,18.2666997199402
1979,3317,1675.59999999517,6.24637933671447,20.571330095193
1980,3317,1741.09999999555,5.67699732665257,18.5376058812368
1981,3317,1802.30000000224,6.16634729626397,24.5024622999631
1982,3317,1826.60000000442,5.39243687268445,14.1975861822178
1983,3317,1858.89999999424,4.16562031656988,10.8128148780139
1984,3317,1891.80000000176,4.05157976340042,12.7954340262779
1985,3317,1874.20000000052,3.75810510960598,11.5038018592413
1986,3317,1793.00000000873,3.3679100414833,11.177959535294
1987,3317,1748.0000000079,3.68600000000873,13.457000000008
1988,3317,1710.79999999529,4.05234032602329,18.5160037093287
1989,3317,1739.29999999286,3.83331146606484,16.4073183114761
1990,3317,1726.29999999568,4.03897000604793,15.3104308087989
1991,3317,1751.50000000431,4.05941341807908,13.3842978640401
1992,3317,1743.900000008,4.29065360009637,14.480111283462
1993,3317,1731.79999999359,4.57358946752529,15.1196516733626
1994,3317,1748.60000000561,4.6612005677017,16.6822340304265
1958,3321,2889.70000000039,15.018731569262,29.0694379477166
1959,3321,2942.89999999084,18.6296715035807,35.5541342549842
1960,3321,3019.79999999888,17.6038724651356,33.8514497521327
1961,3321,3138.19999998441,16.6544527524115,31.9466770672562
1962,3321,3239.70000001029,18.5268400571388,36.7023795755705
1963,3321,3366.39999998877,20.1056578976471,39.4119464071957
1964,3321,3533.49999999679,22.5956055056865,44.9918086976531
1965,3321,3934.8000000055,24.8085497372763,50.8764498425319
1966,3321,4465.90000001023,25.4699253729745,52.2212766305826
1967,3321,4966.79999998666,24.0056182072153,47.4789405990559
1968,3321,5373.00000000633,25.1709008273333,50.9554382428763
1969,3321,5606.10000002063,26.9785331642661,55.0872633199234
1970,3321,5972.10000001196,24.4121065990818,47.6576642001008
1971,3321,6290.49999999254,24.4210220366637,49.4596864912029
1972,3321,6592.59999996857,27.2991764104374,55.0274548167115
1973,3321,6853.49999999016,31.8396119047268,63.4853050593784
1974,3321,7392.50000002489,30.5780392463249,64.2818618522117
1975,3321,7985.89999998867,26.298042538503,60.1120264852561
1976,3321,8489.89999997445,28.1386776996504,64.6012251907635
1977,3321,8830.90000001066,29.3502840320633,70.148074923923
1978,3321,9354.50000004234,32.5637070323971,73.9759501605113
1979,3321,9919.20000004332,31.2942565439478,69.9068881176202
1980,3321,10357.8999999606,24.959751599535,57.2676453679726
1981,3321,10721.8000000303,24.5397738005798,51.8144805786706
1982,3321,10792.7999999503,17.1279529846058,38.7574083088405
1983,3321,10569.6000000373,17.7292315205116,39.0417075589111
1984,3321,10387.7999999679,20.6108238834435,48.1302916843252
1985,3321,10240.6000000312,18.8421073828146,41.9991931531686
1986,3321,10114.9999999813,17.3287726140257,38.8185105393029
1987,3321,10019.1999999791,17.7620000000655,40.4440000000343
1988,3321,9907.39999999962,19.501525139435,43.2691297963998
1989,3321,9826.39999995199,17.9480952652981,39.3028539644864
1990,3321,9665.80000001138,16.7745014014388,36.8590754469932
1991,3321,9459.1999999643,14.8438525178983,31.7918170207339
1992,3321,9262.49999995978,15.9674815570115,36.585423492631
1993,3321,9107.99999996694,16.8319639789644,40.9008394075445
1994,3321,8965.49999997831,18.1567861254441,44.101631233479
1958,3322,386.299999999136,2.76424971110721,4.57481534552934
1959,3322,393.600000000748,3.83583340950857,6.70384563527355
1960,3322,421.499999999195,3.4291896124461,5.95301723746477
1961,3322,456.600000001965,3.17738054381057,5.68747659907356
1962,3322,478.900000000688,3.70741442232252,6.68494228868485
1963,3322,497.699999997756,3.80122067617038,6.90088509621175
1964,3322,544.000000002207,4.28714974291304,7.27153770351148
1965,3322,628.799999996858,4.71767003157385,9.10908349108394
1966,3322,695.299999996543,4.85292475975338,9.35060273968214
1967,3322,760.099999998484,4.53220656485708,9.12287336375564
1968,3322,796.299999997293,4.54327089473087,9.26355234385171
1969,3322,835.500000003803,4.13562133019611,8.14191663643644
1970,3322,907.099999999185,3.85735309301453,7.21018041810995
1971,3322,915.600000001454,4.05915613991979,7.25157950357463
1972,3322,957.900000001105,4.49338055947619,8.35286044321978
1973,3322,1008.59999999735,4.71407247022754,8.42623139877443
1974,3322,1068.79999999745,4.03217582415661,8.06646938773849
1975,3322,1080.09999999522,3.10289380972151,6.9442026984708
1976,3322,1131.40000000107,3.33578302498782,7.98644039243762
1977,3322,1133.9000000025,3.48956817549832,7.90624137738683
1978,3322,1142.50000000187,3.37914635410603,7.75433632402676
1979,3322,1164.59999999648,2.89527922667612,6.47948643347469
1980,3322,1165.50000000488,1.95941392760106,4.16902366552633
1981,3322,1140.59999999722,1.67777380045816,3.82815993905415
1982,3322,1092.09999999598,1.04547245490856,2.41524039695011
1983,3322,1045.89999999977,0.885391446413352,2.40272258931222
1984,3322,1011.60000000424,1.12610244295178,2.93307878341694
1985,3322,993.899999996064,1.08216584108041,2.78541908123399
1986,3322,966.500000001561,1.00934307053943,2.27926144398372
1987,3322,927.900000000804,0.774000000000317,1.81599999999982
1988,3322,893.400000001771,0.829810978458038,1.95750282097717
1989,3322,856.900000004222,0.9091888191657,2.17329663433782
1990,3322,831.200000004142,0.911794116796792,1.76441575403685
1991,3322,799.799999997826,0.781255395679981,1.34967709552742
1992,3322,762.400000000006,0.716235089149676,1.21878211514507
1993,3322,726.100000002759,0.764601882125486,1.29000792194712
1994,3322,690.899999996719,0.763535194396663,1.45677667248295
1958,3324,390.400000000415,1.33372359602618,2.74273804022229
1959,3324,397.599999999038,1.63430610146145,3.45295909507938
1960,3324,409.400000001151,1.53107548444981,3.05865536277634
1961,3324,413.70000000109,1.40717506128896,2.82817985290391
1962,3324,419.09999999957,1.60302187534222,3.29131087171038
1963,3324,424.899999999675,1.88543243831094,3.94288107403105
1964,3324,437.600000000975,2.18013196229765,4.38020415595181
1965,3324,477.700000001951,2.35230988433632,4.82533470033412
1966,3324,497.999999997683,2.54699253731031,5.4016541607133
1967,3324,509.700000002041,2.32302508925266,4.84912257043387
1968,3324,525.500000001573,2.16837929067099,4.57867300561956
1969,3324,523.999999999454,2.32505699528749,5.19834387456772
1970,3324,552.899999997851,1.99674748343893,4.29781209670666
1971,3324,551.499999998038,1.79955074957228,3.97273703614093
1972,3324,550.900000000732,1.54330433757475,4.28126764106227
1973,3324,559.400000001198,1.64138370535736,4.48321681548113
1974,3324,575.800000001108,2.04573626373427,5.91484615385424
1975,3324,577.600000000799,1.54272546692631,4.65143356860504
1976,3324,607.699999999204,1.45974892133199,4.60847869259613
1977,3324,606.599999997282,1.4802662038322,4.60795323519548
1978,3324,602.600000002289,1.75715610413806,5.23445861423177
1979,3324,596.50000000121,2.24050069387834,6.92639876539993
1980,3324,608.300000002032,2.29255508808777,7.52627070732735
1981,3324,624.700000000297,2.13670525514147,7.31305407465136
1982,3324,605.7999999981,2.30870289034613,7.44240581845413
1983,3324,610.700000000556,2.15039729160582,6.63480358697455
1984,3324,610.199999998432,2.55517748144969,7.90226371974938
1985,3324,613.000000002322,2.85279127367831,8.40573369749044
1986,3324,640.600000003166,2.84469955186423,9.11086612448056
1987,3324,649.299999997117,3.20600000000846,9.88800000004613
1988,3324,676.700000001232,3.22059505624831,9.10277497577336
1989,3324,694.100000003097,3.19613405588645,8.87390644611106
1990,3324,707.600000003092,3.12986554744011,9.2658723668767
1991,3324,714.199999999751,3.05840290557293,9.10599450669251
1992,3324,723.599999999175,3.36157506465602,9.83640783986133
1993,3324,725.100000001778,2.92478778211898,9.17439777230078
1994,3324,733.300000000181,2.59440371344528,8.85943217621573
1958,3325,1571.09999999442,5.36357661194795,11.0211460596424
1959,3325,1600.29999999689,6.56913059873103,13.8898292961957
1960,3325,1648.20000000118,6.15226678681335,12.2905511491988
1961,3325,1665.79999999793,5.65981713839997,11.3749531981477
1962,3325,1686.59999999909,6.44619434980888,13.2266358139345
1963,3325,1710.19999999683,7.57208555282317,15.8524730949688
1964,3325,1761.60000000279,8.7604083119041,17.6072242930522
1965,3325,1921.99999999954,9.46470315460502,19.3992157728052
1966,3325,2004.49999999487,10.2355478430032,21.7239749539239
1967,3325,2050.69999999646,9.34440688216431,19.5011033320535
1968,3325,2114.49999999462,8.71481962540274,18.4090976514544
1969,3325,2108.70000000007,9.35364525193964,20.8973986045066
1970,3325,2224.3000000007,8.02436221282188,17.2820096361139
1971,3325,2218.89999999474,7.23378733517344,15.9697420332929
1972,3325,2215.80000000759,8.22608030804771,17.2128414270116
1973,3325,2218.70000000325,8.93642239587555,17.4757730654915
1974,3325,2308.89999998855,9.51288540029695,21.7830675039613
1975,3325,2351.60000000447,9.81840102444051,24.7301218065962
1976,3325,2472.1999999908,9.42418304866048,23.601719368848
1977,3325,2738.40000001102,10.1843693418298,24.8112605387134
1978,3325,2830.99999999462,10.7312033502454,25.8842610723875
1979,3325,2898.19999999471,11.9923950328162,29.6714154184802
1980,3325,2983.09999999538,11.1799453940288,27.7404604698827
1981,3325,3065.49999999159,9.37140517901573,22.8744371668268
1982,3325,3005.99999999122,5.83966025205578,14.1542687344489
1983,3325,2955.30000000076,4.22194292765942,9.18621786957648
1984,3325,2887.80000000832,4.52287046758681,11.5889732605891
1985,3325,2836.59999999856,3.84232035014642,9.68791073488094
1986,3325,2759.29999998623,3.24946672200104,7.97998990872408
1987,3325,2677.39999999519,3.77400000001374,10.0490000000319
1988,3325,2594.50000000572,4.27284953710751,11.8939573578932
1989,3325,2528.40000000469,4.42204848831279,12.8031671420277
1990,3325,2472.30000000631,4.35186690554321,12.1034617274073
1991,3325,2414.39999999135,4.14247047013418,11.3407483129643
1992,3325,2354.69999999793,3.60566933442815,10.5864276030503
1993,3325,2292.79999999104,3.75454991093593,11.2199346306242
1994,3325,2220.49999999521,4.01239764589675,12.1737405015172
